AgeCal (Valero-Garces et al 2019),Composite depth (cm),TC,TS,TIC,TOC
2635,60.00,13.14,0.19434,12.012,1.128
3109.9,70.00,13.149,0.27392,12.247,0.901999999999999
3584.2,80.00,13.191,0.20591,12.409,0.782
4062.3,90.00,13.182,0.20805,12.178,1.004
4554.6,100.00,13.52,0.27112,11.95,1.57
5057.2,110.00,13.218,0.22933,11.682,1.536
5915.4,127.22,13.32,0.23968,12.052,1.268
6396.3,137.02,13.062,0.2396,12.095,0.966999999999999
7000.5,149.27,13.213,0.24342,12.094,1.119
7597,161.51,15.789,0.313,10.378,5.411
8188,173.76,13.171,0.29684,12.282,0.888999999999999
8767.6,186.00,13.428,0.3364,12.383,1.045
9052.6,192.00,13.05,0.26527,12.309,0.741000000000001
9527.6,202.00,13.107,0.32853,12.381,0.725999999999999
10003.1,212.00,12.99,0.30029,12.273,0.717000000000001
10479.4,222.00,13.029,0.31993,12.372,0.657
10956,232.00,12.032,0.29246,11.342,0.69
11434.8,242.00,5.205,3.6272,4.0444,1.1606
11913.7,252.00,4.6543,3.1337,3.8942,0.7601
12378.6,262.00,3.854,0.93202,3.4089,0.4451
12710.5,272.00,5.4371,0.17954,5.1049,0.3322
13043.8,282.00,6.5853,0.29141,6.4388,0.146500000000001
13375,292.00,5.7294,1.8964,5.487,0.2424
13708.1,302.00,6.5806,1.012,6.2108,0.3698
14042.2,312.00,6.1931,0.39504,5.9504,0.2427
14359.6,321.41,6.3887,0.54201,6.1473,0.2414
14678.5,330.82,5.8669,1.0533,5.5617,0.3052
15000.4,340.24,6.0183,0.61749,5.7671,0.2512
15321.7,349.65,5.1907,0.099454,5.0057,0.185
15523.7,355.50,6.395,0.40031,5.952,0.443
15796.9,363.50,5.4085,0.26492,4.9277,0.4808
16136.7,373.50,5.8795,0.10382,5.6271,0.2524
16473.6,383.50,5.5273,0.21446,5.2312,0.2961
16808.8,393.50,5.8952,0.32497,5.463,0.4322
17624.4,418.00,7.5825,0.1409,7.1849,0.3976
17956.4,428.00,6.4931,0.1017,6.2069,0.2862
18288.3,438.00,7.5172,0.14613,7.1328,0.3844
18620.3,448.00,7.006,0.18388,6.5764,0.429600000000001
18952.4,458.00,8.082,0.058201,8.0792,0.002800000000001
19284.1,468.00,8.2331,0.088262,7.8905,0.3426
19615.4,478.00,7.5369,0.094871,7.6467,-0.1098
19957,488.34,7.6225,0.1074,7.3263,0.2962
20301.6,498.69,7.1886,0.11929,7.0621,0.1265
20643.8,509.03,7.5566,0.052761,7.6574,-0.1008
20898.9,519.38,7.6297,0.066528,7.6324,-0.0027
21128.9,529.72,9.0108,0.049977,8.8923,0.118499999999999
21315.7,538.00,9.028,0.10406,8.8216,0.2064
21489.4,545.69,8.4157,0.099,8.3012,0.1145
21662.4,553.38,7.9257,0.10043,7.9571,-0.0314
22278.1,580.76,6.4007,0.081902,6.489,-0.0883
22531.5,592.14,6.9796,0.061859,6.5193,0.460299999999999
22788,603.52,6.8237,0.10837,6.6595,0.164199999999999
23044.1,614.90,6.5737,0.18349,6.4518,0.121899999999999
23247.8,624.00,8.0443,0.1495,8.1365,-0.0922
23441.5,632.60,7.2291,0.079026,7.1956,0.0335
23633.9,641.20,6.058,0.047991,4.4319,1.6261
23827.2,649.81,5.8716,0.05211,5.7077,0.1639
24019.9,658.41,5.8399,0.044726,5.9116,-0.0717
24298.1,670.82,5.5281,0.047364,5.4055,0.1226
24605.4,684.45,5.7004,0.040506,6.0477,-0.3473
24907.8,698.09,6.5918,0.054589,7.0466,-0.4548
25210.3,711.73,6.734,0.048508,6.5644,0.1696
25614,730.00,7.313,0.053007,7.2483,0.064699999999999
25824.8,739.52,7.226,0.054748,7.1386,0.0874
26035.8,749.05,6.4642,0.046946,6.3396,0.1246
26248.2,758.57,6.2202,0.053738,6.0404,0.1798
26385.2,768.10,7.2852,0.065707,7.0126,0.2726
26497.7,777.62,5.738,0.043406,5.474,0.264
26608.9,787.14,7.0474,0.058792,6.9534,0.094
26643.6,790.00,7.9055,0.065786,7.4974,0.4081
26763.9,800.00,7.3464,0.048809,7.1999,0.1465
26884,810.00,7.3714,0.073008,7.3078,0.0636
27004.4,820.00,6.7867,0.053171,6.563,0.2237
27128,830.00,8.0891,0.063869,7.879,0.210100000000001
27249.9,840.00,8.2255,0.049915,8.1141,0.1114
27449.4,856.00,8.1079,0.067212,8.5349,-0.427
27571.6,866.00,6.6888,0.063153,6.4137,0.275099999999999
27692.9,876.00,7.6353,0.058744,7.4607,0.1746
27813.5,886.00,7.5112,0.067403,7.405,0.106199999999999
27933.7,896.00,6.9336,0.069609,6.7942,0.1394
28054.2,906.00,7.449,0.069995,7.4007,0.0483
28174.2,916.00,7.8274,0.083442,7.6234,0.204
28294.2,926.00,5.6697,0.040679,5.3661,0.303599999999999
28412.7,936.00,5.8432,0.050567,5.5996,0.243600000000001
28532,946.00,5.2077,0.047752,5.1198,0.0879
28652.6,956.00,6.503,0.056748,6.3212,0.1818
28769,966.00,6.6957,0.06468,6.4934,0.2023
28890.7,976.00,7.2644,0.05013,7.1822,0.0822
28902.6,977.00,7.3314,0.083907,7.2618,0.0696
29008.8,986.00,6.2188,0.068369,6.0726,0.146199999999999
29127.1,996.00,5.4886,0.038065,5.7243,-0.2357
29203.4,1022.67,5.9046,0.035534,6.7826,-0.878
29365.6,1049.33,5.4989,0.028339,5.8401,-0.3412
29395.1,1076.00,6.4115,0.039912,7.1782,-0.7667
29510.7,1002.38,7.388,0.1148,7.1803,0.2077
29532.6,1027.91,6.9647,0.10264,6.8311,0.1336
29583.5,1053.45,7.103,0.091504,6.8723,0.2307
29651.8,1062.75,6.1274,0.044067,6.0726,0.054799999999999
29661.7,1077.75,5.8963,0.055688,5.7537,0.1426
29743.1,1092.75,7.5333,0.0832,7.3587,0.1746
29826.9,1107.75,6.9193,0.071238,6.8397,0.0796
29906.7,1122.75,5.1271,0.03338,5.0565,0.070600000000001
29935.8,1128.00,7.0225,0.059839,6.8446,0.1779
29991.1,1138.00,7.2359,0.066597,7.0747,0.1612
30046.8,1148.00,8.2075,0.089146,8.1114,0.0961
30105.2,1158.00,9.2416,0.16133,8.757,0.4846
30160.7,1168.00,8.879,0.10375,8.4544,0.4246
30215.4,1178.00,8.8061,0.17154,8.4127,0.393400000000002
30270,1188.00,7.6347,0.13187,7.4062,0.228499999999999
30325.5,1198.00,7.7974,0.14427,7.5623,0.2351
30379.1,1208.00,9.4441,0.1725,9.2315,0.2126
30433.9,1218.00,11.874,0.21727,11.608,0.266
30485.8,1228.00,11.255,0.17779,11.042,0.213000000000001
30539.4,1238.00,11.816,0.21098,11.663,0.153
30594,1248.00,11.162,0.32545,10.819,0.343
30646.7,1258.00,11.331,0.35049,11.098,0.232999999999999
30845.8,1268.00,10.922,0.32688,10.492,0.43
31103.6,1278.00,11.292,0.34459,11.096,0.196
31359.3,1288.00,11.498,0.28861,11.244,0.254
31621.6,1298.00,11.005,0.2144,10.444,0.561
31881.6,1308.00,10.271,0.22711,10.307,-0.036
32190.5,1319.76,10.629,0.2555,10.446,0.183
32406.6,1328.00,10.402,0.21766,10.042,0.359999999999999
32669.1,1338.00,10.584,0.22174,10.428,0.155999999999999
32935.7,1348.00,10.053,0.18256,9.8666,0.186400000000001
33196,1358.00,10.002,0.25935,9.8811,0.120900000000001
33454.3,1368.00,9.9652,0.25287,9.7952,0.17
33714.9,1378.00,10.001,0.2576,9.4559,0.5451
34123.6,1394.00,7.4879,0.085551,7.2483,0.239599999999999
34353.7,1402.89,7.0711,0.05825,6.9979,0.073200000000001
34581.7,1411.78,6.2095,0.05432,6.1538,0.0557
34639.2,1414.00,10.687,0.20969,10.489,0.197999999999999
34897.1,1424.00,10.149,0.34923,9.9738,0.175199999999998
35153.6,1434.00,10.617,0.31632,10.546,0.071000000000002
35417.5,1444.00,10.806,0.34198,10.646,0.159999999999998
35677,1454.00,10.949,0.29476,10.725,0.224
35936.8,1464.00,10.954,0.35745,10.69,0.264000000000001
36351.3,1480.00,12.378,0.82365,11.653,0.725
36635.6,1491.02,12.183,0.5124,11.711,0.472
36920,1502.04,12.629,0.31457,12.21,0.418999999999999
37177.3,1513.06,10.897,0.38244,10.435,0.462
37299.7,1524.08,11.281,0.61915,10.533,0.748000000000001
37524,1544.67,8.5347,0.85674,7.3586,1.1761
37645.8,1555.33,7.288,1.1462,6.2402,1.0478
37772.6,1566.00,7.8481,0.69249,7.3178,0.5303
37895.4,1576.67,10.023,0.44037,9.4542,0.5688
38023.1,1587.33,8.3007,0.53064,7.8644,0.436300000000001
38151.4,1598.00,6.6277,0.32188,5.8704,0.7573
38277.1,1608.50,6.4208,1.367,5.0331,1.3877
38399.1,1619.00,5.9963,0.44168,5.3665,0.6298
38527.6,1629.50,6.1,2.1481,5.2426,0.857399999999999
38646.2,1640.00,5.783,2.066,4.9357,0.847300000000001
38766.4,1650.50,6.2318,2.0256,5.3093,0.922499999999999
38891.4,1661.00,5.7472,3.0339,4.9065,0.8407
39000.6,1671.18,5.6415,1.7487,4.4572,1.1843
39111.2,1681.35,5.8813,2.6234,5.3339,0.547400000000001
39219.3,1691.53,5.3976,2.2452,4.8454,0.5522
39327,1701.70,5.203,1.9618,4.7408,0.4622
39432.5,1711.88,6.7898,0.59768,6.5088,0.281
39506.4,1719.00,7.2046,0.93353,6.7181,0.4865
39613.4,1729.17,6.9531,1.2134,6.504,0.449100000000001
39720.1,1739.33,6.7329,0.57249,6.1938,0.5391
39827.2,1749.50,6.5952,0.64448,6.1489,0.4463
39928.5,1759.67,6.253,1.0407,5.8997,0.3533
40029.7,1769.83,7.4693,0.77846,7.0742,0.395099999999999
40138,1780.00,8.7341,0.32837,8.2435,0.490600000000001
40243.5,1790.53,10.059,0.3546,9.5264,0.532599999999999
40354.9,1801.05,12.773,0.52539,12.104,0.669000000000001
41056.1,1866.00,8.0945,0.24593,7.5445,0.55
41178.9,1876.53,7.8611,0.13382,7.4506,0.410500000000001
41301.2,1887.05,7.8302,1.1912,7.2517,0.5785
41431.7,1897.58,7.3937,0.44664,6.8467,0.547
41558.3,1908.11,7.9779,0.69511,7.4954,0.4825
41683.9,1918.63,8.4282,0.54937,7.9612,0.467000000000001
42511.2,1992.00,8.0994,0.88606,6.6627,1.4367
42616.4,2002.34,8.6421,1.0774,8.0666,0.5755
42727.1,2012.69,8.7653,0.8797,8.3266,0.438700000000001
42891.5,2023.03,9.5386,0.32461,9.089,0.4496
43039.6,2033.38,9.4386,0.28019,9.0158,0.422799999999999
43184.8,2043.72,9.4705,0.24464,9.063,0.407499999999999
44135.5,2118.00,5.539,0.072722,5.2179,0.321099999999999
44250.6,2128.58,6.1985,0.12295,5.8113,0.3872
44359.5,2139.17,5.314,0.09609,4.9516,0.3624
44470,2149.75,5.0716,0.080262,4.7395,0.3321
44587.5,2160.33,5.1541,0.06851,4.8204,0.333699999999999
44690.2,2170.92,5.3984,0.059781,5.1042,0.2942
44802.4,2181.50,5.1181,0.046502,4.7792,0.3389
44918.2,2192.09,5.1503,0.054759,4.8175,0.3328
45033.6,2202.68,5.1087,0.05755,4.8523,0.2564
45148.1,2213.26,5.3127,0.0528,5.0712,0.2415
45256.4,2223.85,5.1516,0.060018,4.902,0.2496
45378.4,2234.44,5.6258,0.056105,5.3181,0.3077
45392.8,2235.50,5.7717,0.0587,5.5604,0.2113
45497.6,2246.13,4.8849,0.082845,4.5563,0.3286
45612.9,2256.75,4.8714,0.06374,4.4644,0.407
45762.4,2267.38,4.4005,0.037592,4.0283,0.3722
45921.5,2278.00,5.2879,0.050512,4.9179,0.369999999999999
46086.8,2288.17,5.2695,0.064177,4.8836,0.385899999999999
46254.6,2298.34,5.7199,0.077606,5.3565,0.3634
46415.4,2308.51,5.3938,0.056468,5.1033,0.2905
46587,2318.68,5.1003,0.063672,4.7344,0.3659
46767,2328.85,4.7812,0.031806,4.4023,0.3789
47015.7,2344.00,4.5868,0.60142,3.9297,0.6571
47339.6,2363.05,5.01,1.3258,4.2719,0.7381
47492.5,2372.57,4.7874,1.3368,4.0603,0.7271
48689.5,2450.00,5.1883,0.072424,4.2787,0.9096
48834.9,2459.64,5.1173,0.03842,4.6094,0.5079
48971.2,2469.28,5.5024,0.050558,4.7345,0.7679
49099.9,2478.92,3.9902,0.25263,3.7243,0.2659
49245.5,2488.55,3.9108,0.74163,3.4808,0.43
49330.3,2495.17,5.1064,0.041268,4.9321,0.1743
49450,2505.52,5.4528,0.035621,5.2385,0.2143
49585.8,2515.86,5.5002,0.043234,5.3528,0.1474
49752.5,2526.21,5.7003,0.043387,5.5131,0.187200000000001
49936,2536.55,5.8229,0.064615,5.6271,0.195799999999999
50257.8,2556.00,5.8972,0.076458,5.5857,0.3115
50439,2566.34,5.6122,0.062645,5.3403,0.2719
50619.1,2576.69,10.516,0.2055,10.219,0.297000000000001
50799.6,2587.03,10.343,0.22385,10.003,0.34
50976.5,2597.38,10.096,0.21499,9.7471,0.3489
51143.9,2607.72,10.291,0.22956,9.9364,0.3546
51284.7,2616.00,10.529,0.2076,10.455,0.074
51457.8,2626.39,10.191,0.23276,10.037,0.154
51640.5,2636.78,9.9063,0.21798,9.6201,0.286199999999999
51807.2,2647.17,7.5742,0.18487,7.1611,0.4131
53054.8,2722.00,4.6313,0.052444,4.0257,0.605600000000001
53220.3,2732.67,4.5864,0.04191,4.0567,0.5297
53388.6,2743.33,4.3832,0.076684,3.8318,0.551400000000001
53541,2754.00,4.3228,0.069528,3.8681,0.4547
53714.5,2764.67,4.2286,0.056405,3.8265,0.4021
53941.6,2775.33,5.1086,0.11969,4.7922,0.3164
54135.8,2786.00,4.6825,0.13749,4.3837,0.2988
54259.1,2792.40,5.0136,0.065875,4.6341,0.3795
54412.2,2798.80,4.9857,0.056374,4.5683,0.4174
55813.9,2868.00,3.8665,0.044205,3.3979,0.4686
56025.2,2878.17,5.454,0.059284,5.0074,0.4466
56234.2,2888.34,4.4811,0.044058,4.1453,0.3358
56444.6,2898.51,6.3101,0.059089,5.9813,0.3288
56649.4,2908.68,9.4477,0.11559,9.1869,0.2608
56862.1,2918.85,8.944,0.13456,8.8093,0.1347
57038.4,2928.00,8.4748,0.089214,8.2978,0.177
57252,2938.25,6.0134,0.036274,5.7993,0.2141
57446.8,2948.50,7.8392,0.109,7.565,0.2742
57631.7,2958.75,4.2061,0.079924,3.7828,0.4233
57819.4,2969.00,5.8349,0.0579,5.6129,0.222
58003.5,2979.25,6.3863,0.0532,6.1729,0.2134
58206.5,2989.50,6.3585,0.041961,6.1056,0.2529
58409.8,2999.78,7.1678,0.050059,6.9798,0.188
58567.2,3010.06,7.8746,0.048276,7.1288,0.7458
59742.2,3074.00,9.0503,0.047996,8.808,0.2423
59940.5,3084.00,6.8773,0.050947,6.623,0.2543
60126.5,3094.00,5.6913,0.033257,5.4382,0.2531
60305.7,3104.00,6.0478,0.047111,5.7448,0.303
61748.6,3180.00,8.6041,0.090206,8.4047,0.199400000000001
61930.9,3190.00,7.7223,0.074943,7.4542,0.2681
62116.7,3200.00,7.8179,0.080879,7.6435,0.174399999999999
62293.4,3210.00,8.3106,0.073515,8.0403,0.270300000000001
63560.9,3286.00,9.7791,0.11123,9.6662,0.1129
63725.9,3296.35,11.416,0.11696,11.54,-0.123999999999999
63872,3306.70,11.446,0.11026,11.452,-0.006
64022.3,3317.05,11.511,0.11823,11.654,-0.143000000000001
64163.1,3327.40,11.335,0.12765,11.201,0.134
64317.1,3337.75,12.022,0.11526,12.032,-0.01
64438.3,3345.00,12.529,0.086445,12.394,0.135
64582.1,3355.00,12.508,0.092761,12.353,0.154999999999999
64736.6,3366.00,11.614,0.10154,11.618,-0.004
64868.5,3375.76,11.896,0.1041,11.574,0.322000000000001
65009.9,3385.51,11.034,0.10749,10.819,0.215
65173.2,3395.27,11.277,0.090463,11.074,0.202999999999999
65333.6,3405.02,11.029,0.11059,10.774,0.255000000000001
65343.6,3406.00,10.42,0.13867,10.217,0.202999999999999
65486.4,3415.84,8.972,0.1468,8.857,0.115
65644.2,3425.67,10.611,0.14398,10.541,0.07
65787.5,3435.51,10.701,0.14347,10.589,0.112
65939.8,3445.34,10.14,0.12302,10.145,-0.004999999999999
66084,3455.18,10.632,0.1254,10.575,0.057
66233.8,3466.00,10.87,0.15294,10.794,0.075999999999999
66408.9,3477.67,10.509,0.14464,10.299,0.210000000000001
66596.1,3489.33,10.052,0.13527,9.9226,0.1294
66772.8,3501.00,10.229,0.14115,10.064,0.164999999999999
66942.1,3512.67,9.6911,0.1353,9.4476,0.243500000000001
67076.8,3524.33,9.5939,0.14081,9.3275,0.266399999999999
67200.6,3536.00,9.8106,0.14644,9.541,0.2696
67331.3,3545.84,10.178,0.16447,10.022,0.156000000000001
67458.6,3555.67,9.8358,0.13862,9.7999,0.035900000000002
67592.7,3565.51,5.9885,0.078925,5.7434,0.2451
67728.3,3575.34,6.6955,0.098898,6.4177,0.2778
67842.6,3585.18,7.1246,0.10757,6.8666,0.258
67963.2,3596.00,6.38,0.074882,5.8577,0.5223
68031,3601.00,5.2735,0.066442,4.8931,0.380400000000001
68983.5,3672.00,4.3079,0.11102,3.9829,0.325
69128.5,3682.00,3.8229,0.041466,3.1272,0.6957
69273.2,3692.00,3.5999,0.13859,-0.0287,3.6286
69403.2,3702.00,5.2441,0.21807,-0.0087977,5.2528977
69551.9,3712.00,4.4191,0.053851,3.8971,0.522
69692.8,3722.00,4.9291,0.11475,4.4179,0.5112
69819.2,3732.00,5.4282,0.065279,4.9714,0.4568
69956.8,3741.52,5.2584,0.092112,4.9615,0.2969
70080.4,3751.05,4.8245,0.47639,4.3571,0.4674
70194.7,3760.57,4.3097,0.81575,3.6909,0.6188
70325.3,3772.00,2.9177,0.59039,2.6439,0.2738
70440.1,3782.00,2.4527,1.1755,2.0494,0.4033
70547.8,3792.00,6.9319,0.35961,6.5661,0.3658
70657.1,3802.00,7.4442,0.32154,7.135,0.309200000000001
70769.1,3812.00,5.9729,0.33513,5.6984,0.2745
70862.7,3822.00,5.7666,0.83979,5.4258,0.340800000000001
70978.9,3832.00,4.6831,0.19116,4.42,0.2631
71084.8,3842.27,2.3324,0.47688,1.7212,0.6112
71201.1,3852.54,5.5089,3.1072,5.0104,0.4985
71321.7,3862.80,1.6246,0.76886,1.5823,0.0423
71617.9,3889.50,3.8775,1.9161,3.6539,0.2236
71733.8,3900.13,11.977,1.2409,11.358,0.619
71856.6,3910.75,11.898,1.4302,11.301,0.597
71957.8,3921.38,10.57,0.4426,9.2955,1.2745
72716.2,4003.31,12.356,4.2126,6.3564,5.9996
72770.3,4008.63,12.618,2.5098,5.0285,7.5895
72820.1,4013.94,14.431,3.4648,5.3656,9.0654
72877.6,3998.00,12.152,2.601,6.7316,5.4204
72882.8,4015.00,11.673,2.1927,4.6805,6.9925
72932.5,4020.48,11.513,1.6467,4.9457,6.5673
72988.4,4025.95,13.561,1.3925,4.3172,9.2438
73036.6,4031.43,20.258,3.4798,3.6157,16.6423
73104.5,4036.90,10.299,1.0504,8.5877,1.7113
73111.3,4038.00,9.6821,1.1834,7.6136,2.0685
73196.4,4045.61,12.947,1.3802,9.2212,3.7258
73272,4053.23,9.4243,0.71706,7.8508,1.5735
73346.1,4060.84,9.319,1.1675,7.6935,1.6255
73422.7,4068.45,8.7993,1.3075,7.225,1.5743
73458.4,4071.50,8.7351,1.393,7.0494,1.6857
73548.7,4079.17,8.0722,1.8973,6.4796,1.5926
73618,4086.83,8.1128,1.6682,5.7531,2.3597
73694.2,4094.50,8.4837,2.3853,4.5999,3.8838
73783.1,4102.17,5.5202,4.7795,0.1697,5.3505
73869.8,4109.83,8.6064,1.5424,6.4482,2.1582
73948.2,4117.50,8.1737,2.5607,5.0112,3.1625
74026.6,4125.17,6.668,2.5223,4.7658,1.9022
74098.5,4132.83,6.0861,1.836,4.4743,1.6118
74182.4,4140.50,6.791,1.5001,4.5261,2.2649
74282.9,4148.17,5.8218,0.95818,4.0847,1.7371
74373.1,4155.83,7.6975,0.59736,6.1969,1.5006
74441.8,4163.50,7.7477,0.48616,6.3296,1.4181
74503.7,4171.13,7.3519,0.47165,5.9807,1.3712
74573,4178.00,10.723,0.17271,9.3229,1.4001
74666.3,4188.30,10.712,0.11106,9.5635,1.1485
74768.5,4198.70,10.642,0.076102,9.8568,0.7852
74873.4,4209.00,10.61,0.45123,9.8041,0.805899999999999
74943.7,4219.40,8.2112,0.82729,5.4293,2.7819
75059.1,4229.70,6.4523,0.54812,5.2962,1.1561
75151.9,4238.00,5.732,0.54518,4.8297,0.9023
75236.5,4248.20,5.7075,2.3619,4.8069,0.9006
75336.3,4258.30,6.4183,0.15493,5.7173,0.701000000000001
75422.8,4268.50,5.4219,0.061031,4.7193,0.7026
75516.3,4278.70,5.5206,0.027037,4.7629,0.7577
75613.4,4288.80,6.086,0.024409,5.2784,0.8076
75717.6,4298.00,6.0002,0.010828,5.2238,0.776400000000001
75823.7,4308.00,5.8649,0.063127,4.9514,0.9135
75917.5,4318.00,9.1494,0.018356,7.9734,1.176
76012,4328.00,9.7249,0.30108,7.7758,1.9491
76798.8,4404.00,13.016,0.0015128,11.264,1.752
76906.3,4414.00,12.746,0.0041531,11.337,1.409
77008.4,4424.00,12.498,0.0063666,11.159,1.339
77108.4,4434.00,13.282,0.01238,11.182,2.1
77219.7,4444.00,10.741,0.60168,9.3495,1.3915
77339.1,4454.00,12.174,0.00031627,10.977,1.197
77438.7,4464.00,12.305,0.0014481,10.709,1.596
77542.8,4474.00,14.594,0.04561,10.133,4.461
77632.1,4484.00,12.383,0.74978,9.3654,3.0176
77724.6,4494.00,9.0181,0.015144,6.5195,2.4986
77826.9,4504.00,20.915,0.60288,5.3674,15.5476
77911.9,4514.00,26.189,1.1275,5.6635,20.5255
78014.1,4524.00,15.992,0.42642,6.236,9.756
78115.9,4534.00,7.7298,0.14163,5.6614,2.0684
78900.6,4610.00,7.4364,0.19679,6.6661,0.7703
79009.5,4620.00,2.8771,0.58886,2.2901,0.587
79124.1,4630.00,0.98134,1.0777,0.51623,0.46511
79232.4,4640.00,5.1624,0.51275,4.4718,0.6906
79351.5,4650.00,3.2613,0.45102,2.8089,0.4524
79454.6,4660.00,2.1498,0.40226,1.965,0.1848
79561.7,4670.00,2.2713,1.1817,2.0919,0.1794
79673.3,4680.30,4.4499,0.017497,4.0959,0.354
79781.3,4690.70,4.6538,0.015673,4.3253,0.3285
79892,4701.00,5.5054,-0.0014741,4.6418,0.8636
79990.6,4711.40,5.3689,0.00047406,4.6187,0.7502
80104.4,4721.70,3.8053,0.18303,3.3607,0.4446
80196.5,4730.00,3.4267,0.089367,3.1314,0.2953
80296.5,4740.00,4.9084,0.011002,4.0457,0.8627
80402.2,4750.00,4.5395,0.038892,3.663,0.8765
80518.3,4760.00,5.5915,0.13432,4.1583,1.4332
80638.6,4770.00,3.0286,0.0089307,1.7365,1.2921
80734.3,4780.00,3.8224,0.013925,2.5577,1.2647
80879.8,4796.00,6.1432,0.011785,4.5786,1.5646
80998,4805.80,6.8111,0.011787,5.1072,1.7039
81131.8,4815.70,5.0518,0.02215,4.7376,0.3142
81226.6,4825.50,5.5832,0.17974,5.3613,0.2219
81320.3,4835.30,4.6225,0.17791,4.2192,0.4033
81445.6,4845.20,4.647,0.10752,4.0892,0.5578
82340.6,4922.00,12.003,0.46863,0.98189,11.02111
82437.4,4930.60,11.622,1.1477,9.7822,1.8398
82551.4,4939.30,13.545,0.030947,11.461,2.084
82571.1,4941.00,13.294,0.015291,12.29,1.004
82663.3,4949.70,9.4771,0.084937,6.252,3.2251
82763.9,4958.30,29.804,5.2844,3.5357,26.2683
82865.5,4967.00,32.984,7.2767,3.285,29.699
82982.4,4975.70,18.324,3.9332,0.66163,17.66237
83072.7,4984.30,5.1532,1.5265,0.18591,4.96729
83181.2,4993.00,9.6949,0.66004,6.9985,2.6964
83295,5001.70,1.3049,4.0252,0.37383,0.93107
83398.9,5010.30,5.1742,2.7186,0.080491,5.093709
83588.5,5019.00,14.989,6.6376,0.21459,14.77441
83781.8,5027.70,12.02,5.7266,0.10946,11.91054
83983.2,5036.30,14.415,0.16738,10.327,4.088
84197,5045.00,17.755,0.81124,4.5692,13.1858
84401,5053.40,14.825,0.1165,9.3138,5.5112
84593.3,5061.80,11.438,0.17373,10.215,1.223
84809.3,5070.20,8.6398,0.083509,7.1625,1.4773
85027.3,5078.60,12.427,0.04855,11.398,1.029
85243.8,5087.00,13.8,0.24436,10.45,3.35
85376.8,5092.00,12.75,0.083298,10.863,1.887
85564.2,5100.50,9.5127,0.12928,7.9135,1.5992
85767.8,5109.00,8.8453,0.51398,7.2811,1.5642
85977.7,5117.50,7.4576,0.58279,7.3986,0.059
86188.3,5126.00,5.5668,0.12839,4.5746,0.9922
86385.6,5134.50,7.4223,0.45088,6.7495,0.6728
86591.2,5143.00,11.083,0.19137,10.444,0.638999999999999
86787.6,5151.00,9.1537,2.0562,7.5817,1.572
86980.9,5159.50,7.2306,0.86351,7.0797,0.1509
87178.5,5168.00,7.7971,0.0059878,7.6318,0.1653
87382.3,5176.50,8.2418,-0.0051551,8.115,0.126799999999999
87580.3,5185.00,8.1,-0.027343,8.1533,-0.0533
87764.4,5193.50,7.214,0.013099,6.6638,0.5502
87981.8,5202.00,7.4941,0.13455,7.2386,0.2555
88171,5210.50,7.3776,0.034273,7.4335,-0.0559
88364.7,5219.10,6.8776,0.009013,6.7894,0.088200000000001
88541.7,5227.60,6.46,0.28067,6.0942,0.3658
88710.6,5236.10,6.9766,0.10938,6.7143,0.262300000000001
88893.8,5244.60,6.4217,0.018395,6.1169,0.3048
88917,5245.50,7.6697,0.045098,7.3977,0.271999999999999
89095.1,5253.90,5.3749,0.38803,4.9379,0.437
89266.9,5262.30,5.5514,4.5225E-05,4.9217,0.6297
89487,5270.80,7.0222,0.025623,6.8921,0.1301
89680.9,5279.20,7.5588,0.33818,7.1778,0.380999999999999
89899.7,5287.60,7.0293,0.00077303,6.8565,0.172800000000001
90094.2,5296.00,8.1961,0.019094,8.1363,0.059799999999999
90304.7,5304.40,7.5464,0.061944,7.4904,0.056
90510.4,5312.80,8.2911,1.8004,8.059,0.232100000000001
90741.1,5321.30,7.1554,2.2538,7.0921,0.0633
90954.8,5329.70,10.698,0.1036,10.749,-0.051
91176.4,5338.10,9.9867,0.16414,9.884,0.1027
91393.2,5346.50,6.738,0.65117,6.7664,-0.0284
91621.3,5354.90,7.3097,0.1272,7.2604,0.049300000000001
91861.4,5363.30,7.2823,0.10676,7.3405,-0.058199999999999
92309.2,5378.50,6.6407,0.33593,6.5557,0.085
92539,5387.00,7.3014,1.4981,7.1917,0.1097
92772.6,5395.40,8.1598,0.07315,8.1987,-0.0389
93011.6,5403.90,7.5651,0.030444,8.0029,-0.4378
93212.7,5411.50,7.6531,0.10658,7.7663,-0.1132
93446.1,5419.90,7.542,0.10061,7.3756,0.166399999999999
93676.1,5428.30,7.5202,0.11443,7.5772,-0.057
93908.3,5436.80,0.52509,0.59108,0.19295,0.33214
94147.5,5445.20,34.52,4.4596,2.6779,31.8421
94354.7,5453.60,5.0172,1.3005,0.27753,4.73967
94583.1,5462.00,16.558,3.629,1.2849,15.2731
94827.2,5471.20,8.8852,2.1613,0.52791,8.35729
95076.4,5480.50,26.488,4.9038,1.4063,25.0817
95294.5,5489.70,26.139,4.7596,1.377,24.762
95466.1,5496.20,14.93,0.7745,8.1969,6.7331
95697.9,5505.40,10.661,1.1928,8.3607,2.3003
95927.8,5514.60,10.261,1.4284,8.523,1.738
96182.3,5523.80,10.446,0.16782,8.6819,1.7641
96410,5533.00,34.223,7.5252,0.76197,33.46103
96673.4,5542.20,11.437,2.4846,0.43617,11.00083
96925.3,5551.40,29.684,7.0344,1.3485,28.3355
97008.2,5554.20,15.767,0.16551,10.236,5.531
97264.2,5563.40,14.52,0.052863,10.283,4.237
97509.1,5572.60,11.703,3.5484,0.22581,11.47719
97761.6,5581.80,7.5401,0.39459,4.9287,2.6114
98020,5591.00,8.777,0.60276,7.0572,1.7198
98461.5,5606.70,6.9222,0.97402,5.834,1.0882
98695.2,5615.90,7.2157,0.54693,6.2411,0.9746
98954.9,5625.10,7.3602,1.813,6.5536,0.8066
99197.8,5634.40,7.066,1.3124,6.3496,0.7164
99441,5643.60,4.9725,0.89788,3.9724,1.0001
99711.1,5652.80,7.0689,0.39043,6.3537,0.7152
99941.5,5662.00,6.4092,0.17372,5.5047,0.904500000000001
100171.2,5670.70,8.4665,0.20048,7.3326,1.1339
100379.8,5679.30,8.3952,0.30028,6.8694,1.5258
100609.9,5688.00,7.3576,0.14059,6.1849,1.1727
100824.1,5696.70,8.0862,0.35266,6.9227,1.1635
101054.1,5705.30,8.1452,0.24857,7.1173,1.0279
101259.1,5714.00,8.5723,0.15132,7.774,0.7983
101472.1,5722.60,12.409,0.044502,12.126,0.283000000000001
101696.2,5731.10,12.057,0.35666,11.789,0.268000000000001
101882.6,5739.70,12.485,0.050142,12.166,0.318999999999999
102079.3,5748.30,12.359,-0.0077268,12.074,0.285
102274.2,5756.90,12.671,-0.0077349,12.319,0.351999999999999
102378.2,5762.00,12.422,-0.0043679,12.199,0.223000000000001
102586.9,5770.00,12.599,-0.015478,12.48,0.119
102812.9,5778.00,12.719,-0.0041808,12.311,0.408
103122.1,5790.00,12.77,0.058879,12.192,0.577999999999999
103317,5798.00,12.589,0.048189,12.433,0.156000000000001
103541.1,5806.00,12.832,0.00018399,12.186,0.646000000000001
103735.6,5814.00,12.529,0.0020556,8.6452,3.8838
103946.9,5822.00,12.667,0.0010618,11.824,0.843
104414.1,5838.00,12.289,-0.006945,11.363,0.926
104654.3,5846.00,12.396,0.0075218,11.469,0.927000000000001
104886.4,5854.00,12.186,0.008913,11.451,0.734999999999999
105128.2,5862.00,12.849,0.0090422,11.649,1.2
105337.8,5870.00,13.444,0.016774,11.958,1.486
105567.6,5878.00,10.653,-0.0015004,10.353,0.300000000000001
105795.3,5886.00,10.443,-0.007086,10.019,0.424
106041.3,5893.90,9.9179,-0.0048537,9.0762,0.841699999999999
106260.8,5901.90,9.5187,0.41618,8.4324,1.0863
106502.1,5909.80,8.9832,0.20895,7.9005,1.0827
106732.4,5917.70,8.5466,0.12895,7.765,0.7816
106961.4,5925.70,7.9378,0.18752,7.2863,0.6515
107141.7,5932.00,9.6637,-0.0025824,8.8587,0.805
107342.9,5939.90,8.7957,0.2166,8.122,0.6737
107553.4,5947.80,8.7434,0.31849,8.2239,0.519499999999999
107782.4,5955.70,8.3922,0.26154,7.9602,0.432
107950.9,5962.00,8.2288,0.053379,7.4267,0.802099999999999
108103.2,5969.60,8.7395,0.20369,8.2381,0.5014
108301.3,5977.10,9.0249,0.12634,8.1159,0.909000000000001
108666.3,5992.30,9.3109,0.040049,8.784,0.5269
108837.6,5999.80,12.358,0.055208,10.518,1.84
109046.6,6007.40,12.768,0.042124,11.618,1.15
109215.9,6015.00,13.98,0.011648,11.746,2.234
109354.8,6022.50,12.781,0.0031211,11.82,0.961
109551.5,6030.10,12.939,0.028723,12.259,0.68
109721.7,6037.70,11.102,0.012938,10.272,0.83
109899.4,6045.30,11.458,0.027379,9.0399,2.4181
110011.4,6049.80,11.52,-0.070777,11.077,0.443
110192.3,6057.40,11.412,-0.030402,10.901,0.511000000000001
110374.9,6065.00,11.844,-0.0090574,11.594,0.25
110568.3,6072.60,12.404,0.0060534,12.409,-0.005000000000001
110741.2,6080.20,9.1653,0.012772,8.6394,0.5259
110926.4,6087.80,11.182,0.021149,10.774,0.408000000000001
110944.5,6087.00,11.245,0.00075616,11.017,0.228
111123.6,6094.60,12.235,0.0086242,12.262,-0.027000000000001
111326.1,6102.10,13.071,0.052402,12.916,0.154999999999999
111513.5,6109.70,13.016,-0.0042757,12.76,0.256
111686,6116.50,13.052,-0.013304,12.626,0.426
111887.1,6124.10,13.108,0.060363,12.689,0.419000000000001
112292.7,6139.20,12.947,0.0009687,12.508,0.439
112486.9,6146.80,11.374,-0.00042294,11.054,0.32
112663.5,6154.30,12.167,-0.0010716,11.971,0.196
112723.8,6156.60,12.745,0.0015734,12.475,0.27
112921.9,6164.20,13.093,0.0013082,12.705,0.388
113087.6,6171.70,12.974,-0.024519,12.543,0.431000000000001
113278.9,6179.30,13.183,0.0017473,12.758,0.425000000000001
113463.2,6186.90,13.186,-0.0058215,12.827,0.359
113634.4,6194.40,40.678,4.7146,8.6448,32.0332
113819.6,6202.00,45.486,5.4621,3.2385,42.2475
114009.8,6210.10,40.99,5.1519,7.5032,33.4868
114219.1,6218.20,21.127,0.61461,9.7177,11.4093
114395,6226.30,17.188,0.05957,10.646,6.542
114582.7,6234.30,19.653,0.25101,10.054,9.599
114698,6240.00,14.491,0.043593,11.881,2.61
114896.9,6248.10,13.738,0.021716,12.421,1.317
115085.2,6256.20,14.197,-0.0056435,12.437,1.76
115251.6,6264.30,13.88,0.0015444,12.455,1.425
115487.6,6278.00,14.327,0.018785,12.058,2.269
115803.8,6294.10,13.555,-0.0049814,12.388,1.167
115967.8,6302.20,13.796,0.011448,12.559,1.237
116133.1,6310.30,15.814,0.041533,11.764,4.05
116294.7,6318.40,15.631,0.02656,11.404,4.227
116405.6,6324.00,13.298,0.0068129,12.059,1.239
116564.8,6332.10,12.205,0.037761,10.617,1.588
116724.7,6340.10,11.851,0.13977,9.5167,2.3343
116893.8,6348.20,11.797,0.14995,8.6895,3.1075
117054.5,6356.30,10.359,0.032009,9.1724,1.1866
117218.2,6364.40,7.4986,0.044644,7.1228,0.3758
117320.3,6369.20,7.0131,0.061217,6.3235,0.6896
117493.3,6377.30,3.9559,0.10504,3.822,0.1339
117655.5,6385.30,4.7633,0.27953,4.3983,0.365
118003.1,6401.50,5.2204,1.0885,4.8873,0.3331
118003.1,6410.00,5.878,0.17343,5.6705,0.2075
118317,6415.20,5.8449,1.9933,5.5199,0.325
118479.2,6423.30,7.5122,0.4904,7.0506,0.4616
118644.9,6431.30,7.9884,0.11382,7.4617,0.5267
118801.4,6439.40,7.0159,0.5774,8.181,-1.1651
118966.6,6447.50,8.52,0.40529,8.2044,0.3156
119125.6,6455.50,10.697,0.10192,9.8978,0.799199999999999
119281.5,6462.00,9.1512,0.088049,8.7806,0.3706
119467.5,6471.10,8.5961,0.22806,8.1852,0.4109
119651.8,6480.10,8.9124,0.025731,8.1121,0.8003
119841.3,6489.20,8.6048,0.032089,7.9051,0.699699999999999
120017.5,6498.30,11.646,0.028584,10.286,1.36
120216.8,6507.40,12.648,0.0043368,12.208,0.44
120297.7,6511.00,12.788,0.057402,12.458,0.33
120405.5,6520.00,12.739,0.066883,12.147,0.592000000000001
120520.8,6529.10,13.144,0.0079416,12.365,0.779
120600.9,6534.50,12.775,-0.0032332,12.349,0.426
120876,6552.60,11.891,0.18866,10.974,0.917
121005.4,6561.70,12.268,0.034782,11.233,1.035
121130.6,6570.80,13.255,0.012954,11.892,1.363
121264.2,6579.90,13.425,0.012077,11.691,1.734
121315.5,6583.50,13.396,0.019965,11.573,1.823
121451.5,6592.50,14.294,0.030574,11.867,2.427
121582.5,6601.40,13.182,0.0098082,12.104,1.078
121724,6610.40,12.72,0.0062202,11.061,1.659
121872.6,6619.30,13.667,0.0093836,11.869,1.798
121971.2,6626.50,13.335,0.012453,11.883,1.452
122108.2,6635.50,12.783,0.016278,11.123,1.66
122245.9,6644.50,13.39,0.013678,12.129,1.261
122397.7,6653.40,10.037,0.21287,8.6894,1.3476
122542.4,6662.40,10.131,0.3523,8.6975,1.4335
122698.3,6670.50,10.594,0.1816,8.7505,1.8435
122845.3,6679.50,9.9692,0.14595,8.0395,1.9297
122968.4,6688.60,11.097,0.12007,8.5663,2.5307
123124.2,6697.60,11.524,0.072969,9.2433,2.2807
123260.2,6706.60,8.2657,0.46253,7.3376,0.928100000000001
123405.9,6715.70,8.109,0.48866,7.6085,0.5005
123506.1,6722.00,7.2614,0.78792,6.4083,0.8531
123703.2,6735.50,7.9468,0.3847,7.3535,0.593299999999999
123907.3,6749.00,6.8821,0.59326,5.9536,0.928500000000001
124108.2,6762.50,7.1401,0.53406,6.1798,0.9603
124268.6,6776.00,6.9972,0.67216,6.16,0.8372
124434.5,6789.50,6.6608,0.69015,6.0221,0.6387
124603.5,6803.00,6.9259,0.67598,6.6297,0.296200000000001
124765.3,6816.50,10.226,0.38215,7.6534,2.5726
124809.8,6820.50,27.859,2.6952,6.1181,21.7409
124994.5,6834.00,28.874,5.5857,2.1471,26.7269
125172.7,6847.50,25.483,1.0744,8.8018,16.6812
125345.2,6861.00,17.412,0.1322,10.772,6.64
125527.1,6874.50,25.204,0.626,10.394,14.81
125668.4,6888.00,15.287,0.026801,11.961,3.326
125796.1,6897.50,21.807,0.50586,10.078,11.729
125987.3,6912.00,11.812,0.36887,8.0758,3.7362
126081,6919.30,13.493,0.0014954,11.861,1.632
126163.4,6926.70,13.347,-0.0052373,12.516,0.831
126236.8,6931.80,13.157,0.0069087,12.535,0.622
126340.9,6939.10,13.384,-0.029163,12.531,0.853
126428.7,6946.40,13.217,0.02495,12.421,0.796000000000001
126621.3,6961.10,13.298,0.0068719,12.461,0.837
126706,6968.40,13.259,-0.0051535,12.365,0.894
126739.8,6970.60,13.104,0.048751,12.352,0.751999999999999
126847.3,6977.90,13.277,0.0063171,12.457,0.819999999999999
126926.8,6985.30,13.31,-0.0043324,12.534,0.776
126948.7,6988.20,13.042,0.046054,12.402,0.640000000000001
127045.9,6995.60,12.907,0.0065217,12.365,0.542
127130.7,7002.90,13.132,-0.010381,12.581,0.551
127322,7017.70,13.155,0.016283,12.2,0.955
127398.6,7025.00,12.672,0.015135,12.017,0.655000000000001
127454.1,7028.70,13.03,0.0093159,11.982,1.048
127552,7036.00,12.975,0.0050523,12.973,0.001999999999999
127623.5,7043.40,12.82,0.057834,12.438,0.382
127713.4,7050.70,12.982,0.0058007,12.516,0.465999999999999
127836.1,7060.20,13.218,0.012059,12.52,0.698
127913.1,7067.50,13.292,0.041416,12.746,0.545999999999999
127992.9,7074.90,15,0.043698,11.543,3.457
128078.1,7082.20,14.3,0.023616,12.232,2.068
128171.5,7089.50,18.031,0.14295,11.563,6.468
128256.1,7096.90,13.255,0.0033206,12.397,0.858000000000001
128320.7,7102.00,12.528,0.057456,11.919,0.609
128559.1,7122.60,12.876,0.0047116,11.796,1.08
128694.7,7132.90,14.038,0.027799,11.775,2.263
128747,7137.00,13.72,-0.021155,10.507,3.213
128883.8,7147.20,9.1994,0.034371,8.3837,0.815700000000001
129002.1,7157.40,9.3386,0.02516,8.2061,1.1325
129117.9,7167.70,10.683,0.041378,7.3248,3.3582
129225.1,7177.90,14.824,3.2195,0.6679,14.1561
129298.9,7184.00,17.638,2.5021,0.40807,17.22993
129413.7,7194.00,8.6347,1.5602,0.33361,8.30109
129555.4,7204.00,11.452,0.075691,7.4456,4.0064
129677.4,7214.00,14.308,0.022211,10.9,3.408
129796.9,7224.00,22.255,1.8235,1.3281,20.9269
129903.4,7234.00,14.678,2.376,0.81059,13.86741
130023.8,7244.00,10.145,0.027323,9.7091,0.4359
130141.7,7254.20,8.7499,0.066074,8.464,0.2859
130290.7,7264.30,6.5199,0.054931,6.1021,0.4178
130431.3,7274.50,3.9379,0.54874,3.7802,0.1577
130606.8,7284.70,2.5028,0.67343,2.1137,0.3891
130772,7294.80,2.3157,0.95114,2.0084,0.3073
130912.6,7304.00,1.9622,1.7039,1.7367,0.2255
131051.8,7314.20,1.8926,0.60174,1.7405,0.1521
131200.6,7324.40,3.4861,0.35849,2.1455,1.3406
131645.541176471,7354.90,2.1764,0.87333,2.0017,0.1747
131734.529411765,7361.00,2.2465,1.2608,2.1702,0.0763
